time, S,E, I, J, Q, R
0,199955401.32999998,2061395.8900000001,1855256.3010000002,1236837.534,1030697.9450000001,0.0
1,-60986397.40565002,262681101.5178375,1713535.3335625003,1082232.84225,1594869.4517368423,54247.26026315789
2,18600851.208723262,142049930.7913021,42329073.61233398,969500.2545156251,2052045.3754020084,138187.7577229917
3,-5673259.618660599,144128739.932545,53942106.89539144,11067018.530341309,2428793.114480768,246190.14590204478
4,1730344.183691484,114205020.51573277,62976695.78600374,19019035.989018515,7834471.163099803,374021.36245366413
5,-527754.9760259027,98618585.2198669,65077056.29508605,25253691.941010192,16931648.570077494,786361.9499852327
6,160965.26768790034,82520711.0355489,64216946.16191874,28896110.04427661,28667355.142157458,1677501.3484103638
7,-49094.40664480964,69836909.61057709,61056570.72074357,30502291.562617987,41606601.998919055,3186309.513787072
8,14973.794026666947,58860824.28325294,56704445.16721035,30515288.461494885,54667926.6223902,5376130.671624918
9,-4567.007178133423,49683361.290199466,51725337.66966604,29433755.52255003,67048311.557222374,8253389.9675401915
10,1392.9371893306943,41914376.14423834,46557028.45384319,27648212.178691525,78236330.81548569,11782248.470551895
11,-424.845842745862,35367072.65473317,41466892.612919636,25463363.202806562,87942735.28296378,15899950.092419563
12,129.57798203748803,29840413.12860633,36626274.56199179,23098404.75463319,96045851.86947423,20528515.107312392
13,-39.52128452143387,25178017.67652815,32132270.47283858,20705771.01781454,102540009.41155533,25583559.94254788
14,12.05399177903734,21243900.839294326,28033268.116586458,18385953.127116915,107496052.31985442,30980402.543156058
15,-3.67646749260639,17924557.063613858,24344310.593579583,16201293.592705071,111031341.91921002,36638089.50735892
16,1.1213225852449495,15123840.224634115,21058944.986374352,14186724.444747431,113288233.87770939,42481844.34521208
17,-0.3420033884997098,12760741.652861008,18157308.774879843,12358098.468967304,114419057.47494051,48444382.970354676
18,0.10431103349241155,10766875.323287055,15611847.464419415,10718376.428203613,114576051.05284834,54466438.62693049
19,-0.031814865215185534,9084551.190149352,13391209.867578164,9262150.08020666,113904920.79048444,60496757.10339619
20,0.00970353389063159,7665090.025170117,11462868.52414446,7978877.506997871,112540999.99950965,66491752.93447432
21,-0.002959577836642637,6467419.721400398,9794821.709541176,6855155.88453505,110607228.2267186,72414963.4607643
22,0.0009026712401760048,5456885.386069337,8356650.613624694,5876283.369652819,108213373.10442199,78236396.52532844
23,-0.00027531472825368156,4604247.045673989,7120126.301791854,5027304.338232582,105456074.09954198,83931837.21503486
24,8.39709921173729e-05,3884833.444428142,6059508.327230452,4293683.744564255,102419406.57920869,89482156.90448444
25,-2.5611152595798745e-05,3277828.218845827,5151636.471114736,3661718.9540897403,99175753.36837457,94872651.98760068
26,7.811401541718621e-06,2765667.559617744,4375888.012530712,3118768.594823554,95786836.35234709,100092428.48067303
27,-2.382477470224181e-06,2333532.0034376653,3714051.5655883066,2653356.300544455,92304808.21016166,105133840.92027025
28,7.266556284183756e-07,1968917.627897421,3150153.049728365,2255191.0416693045,88773338.55989906,109991988.72080508
29,-2.2162996666760468e-07,1661274.248539397,2670258.1666552457,1915133.7832667436,85228653.10389692,114664269.69764186
30,6.759713983361949e-08,1401700.147204827,2262267.726325715,1625131.4332971834,81700501.41111466,119149988.2820575
31,-2.061712764925396e-08,1182684.499204161,1915716.4427450404,1378132.6482300204,78213040.73770459,123450014.67211616
32,6.28822393302246e-09,997890.0462034841,1621581.7850594304,1167995.4348012703,74785631.23351936,127566490.5004164
33,-1.9179082995718512e-09,841969.7264841979,1372106.6585138673,989393.1636654928,71433543.09652424,131502576.35481216
34,5.84962031369415e-10,710411.9567210395,1160637.7636485563,837723.2464612132,68168579.51538202,135262236.51778713
35,-1.7841341956767172e-10,599410.0884833778,981480.1909740797,709021.0641427457,64999621.16411884,138850056.49228093
36,5.4416092968139915e-11,505752.2621578498,829767.9695560875,599880.5798148927,61933099.00334185,142271089.18512928
37,-1.659690835528268e-11,426728.47119568585,701349.7681292297,507382.2822964683,58973402.503599726,145530725.97477886
38,5.062057048361219e-12,360052.14757135994,592688.6497212482,429028.5831805415,56123230.355084814,148634589.264442
39,-1.5439273997501729e-12,303793.99951333494,500774.6353489611,362686.45402058284,53383890.41746009,151588443.493657
40,4.708978569238029e-13,256326.18708937636,423048.7889356794,306536.8858475317,50755555.20144617,154398121.9366812
41,-1.4362384636176002e-13,216275.2203566613,357337.55843447463,259030.64015768573,48237478.6337675,157069466.94728366
42,4.380527314033682e-14,182482.21717593298,301796.1720065843,218849.70968746152,45828179.28891121,159608281.6122188
43,-1.336060830780273e-14,153969.37074219345,254859.97543867776,184873.89784537684,43525594.70749646,162020291.0484773
44,4.0749855338798345e-15,129911.65656372573,215202.69575747603,156151.94278235786,41327210.88234039,164311111.82255605
45,-1.2428705878333504e-15,109612.96022564359,181700.71815618916,131876.64533054794,39230170.49150313,166486228.1847845
46,3.790755292891721e-16,92485.93519038678,153402.56365239868,111363.50220432127,37231362.99882613,168550974.00012678
47,-1.1561803643319751e-16,78035.00781688884,129502.85011279694,94032.3920152603,35327499.32893744,170510519.42111763
48,3.526350111212525e-17,65842.03784549996,109320.10755598659,79391.90853582938,33515173.455000997,172369861.49106172
49,-1.0755367839198206e-17,55554.21943214059,92277.8990803493,67025.98115691134,31790912.91163728,174133817.98869336
50,3.2803871909554533e-18,46873.87264586862,77888.77109653395,56582.465348542995,30151219.959497984,175807023.93141112
51,-1.0005180932414137e-18,39549.83004495165,65740.62092331743,47763.42544840499,28592604.87851447,177393930.2450689
52,3.0515801843863124e-19,33370.16910042795,55485.12663701177,40316.86795503185,27111612.650264226,178898804.18604335
53,-9.307319562378258e-20,28156.08017848608,46827.93389970069,34029.715636768866,25704844.102648888,180325731.16763622
54,2.83873246652537e-20,23756.69265059763,39520.33795266397,28721.841293309604,24368972.42874891,181678617.6993546
55,-8.658134022902385e-21,20044.70942394175,33352.236691153856,24241.005134820793,23100755.85314562,182961195.19560453
56,2.640730876985228e-21,16912.72357645085,28146.16336585629,20458.56174019886,21897047.100284316,184177024.45103326
57,-8.05422917480495e-22,14270.110517630406,23752.235583212663,17265.8217115635,20754800.217981555,185329500.61420614
58,2.456539898315511e-22,12040.405749250654,20043.881455789247,14570.969751584917,19671075.22262778,186421858.5204157
59,-7.49244668986231e-23,10159.09235093024,16914.22449016235,12296.455239739771,18643040.958944216,187457178.26897505
60,2.2851962404080054e-23,8571.734171097389,14273.02654745461,10376.783742410473,17667976.504514392,188438390.95102474
61,-6.969848533244419e-24,7232.400706863422,12044.103374824925,8756.648508068889,16743271.396147998,189368284.45126235
62,2.1258038026395482e-24,6102.338096416012,10163.140141566104,7389.350097740676,15866424.910078453,190249509.26158592
63,-6.483701598050624e-25,5148.84776885101,8575.84543373958,6235.460084261864,15035044.589860037,191084584.25685322
64,1.9775289874054405e-25,4344.34030496804,7236.391539187655,5261.691400565827,14246844.183593744,191875902.39316165
65,-6.031463411586595e-26,3665.5371323167838,6106.096827041998,4439.943585079827,13499641.124894356,192625736.29756132
66,1.8395963405339128e-26,3092.7969553922862,5152.312797205996,3746.495999300413,12791353.669060878,193336243.72518733
67,-5.610768838628437e-27,2609.5474311122416,4347.484122184542,3161.3261989517055,12119997.77658364,194009472.8656642
68,1.7112844957816743e-27,2201.805645000954,3668.354877749694,2667.534130021988,11483683.819862925,194647367.4854844
69,-5.219417712134108e-28,1857.773512969555,3095.2982903436696,2250.8557844484176,10880613.175356202,195251771.89705613
70,1.5919224022009038e-28,1567.496401568062,2611.7508291592453,1899.2524648101262,10309074.751913888,195824435.74839067
71,-4.8553633267127575e-29,1322.5750888230523,2203.7344346144437,1602.5639396948745,9767441.496466614,196367018.63007036
72,1.4808858146473914e-29,1115.9227311944503,1859.4531835894347,1352.2155785010482,9254166.910201376,196881094.49830544
73,-4.516701734674546e-30,941.5598044453175,1568.9528144412088,1140.9710851478828,8767781.601664238,197368155.9146318
74,1.3775940290757372e-30,794.4410850007366,1323.8333302754875,962.7237461842436,8306889.897645536,197829618.1041931
75,-4.201661788681001e-31,670.3096654693716,1117.0064172379807,812.3202056609937,7870166.5280636,198266822.83564812
76,1.281506845547706e-31,565.5737802397823,942.4906981580748,685.411707139992,7456353.397215715,198681042.12659883
77,-3.908595878920506e-32,477.2028770773163,795.2389267810221,578.3285281095148,7064256.450584247,199073481.77908388
78,1.192121743070755e-32,402.63992753398566,670.9921446290972,487.97399575001293,6692742.6437649205,199445284.75016725
79,-3.6359713163658033e-33,339.7274388568004,566.1565971490081,411.73503403228074,6340737.017933063,199797534.362997
80,1.1089712514915706e-33,286.64502653542536,477.69986018313114,347.4066663033924,6007219.884506234,200131257.36394083
81,-3.3823623170492925e-34,241.85674113926515,403.06318053350856,293.128298197479,5691224.120233795,200447426.83154643
82,1.0316205067000346e-34,204.06662533625496,340.0875012031416,247.32994423211665,5391832.572791642,200746964.94313768
83,-3.1464425454351064e-35,172.18121512746512,286.95103611114604,208.6868474168437,5108175.576037882,201030745.60486355
84,9.59664976357708e-36,145.2779002637987,242.11659194702594,176.08118273620835,4839428.573354334,201299596.9509708
85,-2.9269781778910108e-36,122.57822834758015,204.287115876488,148.56973935486064,4584809.846927052,201554303.71798944
86,8.927283442567588e-37,103.42538016827075,172.3681850866754,125.35664864655232,4343578.350379516,201795609.49940667
87,-2.7228214499831158e-37,87.26516451697844,145.43635446629884,105.770370594945,4115031.64184176,202024218.88626873
88,8.304605422448507e-38,73.62998256120056,122.71244780550201,89.24427391404721,3898503.9142985437,202240799.49899724
89,-2.5329046538467956e-38,62.12529778601298,103.5390206293141,75.30024890839911,3693364.119893472,202445983.91553926
90,7.725359194232728e-39,52.41822000694845,87.3613432510501,63.53487961152808,3499014.1847603754,202640371.50079682
91,-2.356234554240983e-39,44.227873130862754,73.71135431437327,53.60777561852657,3314887.3108970034,202824530.1421
92,7.186515390435e-40,37.31726795416545,62.19412091247726,45.2317263878566,3140446.3615797074,202998997.8953051
93,-2.191887194082677e-40,31.4864448363271,52.4764138021963,38.16439342204761,2975182.326833443,203164284.54591456
94,6.68525594195217e-41,26.56668783065099,44.27706735732333,32.20130016157288,2818612.8655126044,203320873.08943212
95,-2.039003062295413e-41,22.415642857111774,37.35884549153172,27.169916920117274,2670280.9206093904,203469221.13498542
96,6.218959340001011e-42,18.91319866068806,31.521578315072503,22.924669832941568,2529753.4044831456,203609762.23607013
97,-1.896782598700309e-42,15.95801136995555,26.596371027036888,19.34272949523891,2396619.9507926335,203742907.15209556
98,5.785186926035947e-43,13.464572093399994,22.44071754683322,16.320457504378677,2270491.7300104005,203869045.04424253
99,-1.7644820124409643e-43,11.360732703806246,18.934377549718665,13.770408138897643,2151000.3255017633,203988544.6089799
100,5.381670137944942e-44,9.585618218836519,15.975897647258725,11.618798456878487,2037796.6672583716,204101755.15242738
101,-1.641409392073208e-44,8.087865372143312,13.47967608213725,9.803373640253925,1930550.0204861069,204209007.60859886
102,5.006298645823287e-45,6.82413640774592,11.373486026000329,8.271605840661275,1828947.0263578687,204310615.5044139
103,-1.526921086976104e-45,5.75786509403562,9.596385833210547,6.97917442683072,1732690.79235248,204406875.87422222
104,4.65710931527712e-46,4.858198673092554,8.096955795850976,5.888683671717997,1641500.0297106155,204498070.12645128
105,-1.4204183411595226e-46,4.099105130421842,6.831810389558943,4.968580784821743,1555108.2356466295,204584464.8648571
106,4.332275940536546e-47,3.4586199537934292,5.76434296879762,4.192242989800607,1473262.9180608834,204666312.66673324
107,-1.3213441618636477e-47,2.918210586013206,4.863666594378438,3.5372072370997083,1395724.8606002266,204743852.8203154
108,4.0300996936841273e-48,2.462240181948643,4.103720349848392,2.9845202671444637,1322267.4260143596,204817312.02350488
109,-1.2291804065736597e-48,2.077515153519167,3.4625152908157695,2.51819022103433,1252675.8958526847,204886905.0459267
110,3.7490002400496655e-49,1.7529034107817973,2.921498210849197,2.1247239332211074,1186746.8446397593,204952835.35623473
111,-1.1434450732151488e-49,1.4790122528471414,2.4650148160715535,1.7927365193228528,1124287.546757528,205015295.7164789
112,3.487507473306205e-50,1.2479165883397756,2.079856776561031,1.5126219636793148,1065115.4143490756,205074468.74525562
113,-1.0636897793583928e-50,1.0529296214116857,1.7548795493488631,1.2762751759799151,1009057.4646416851,205130527.45127398
114,3.244253827043099e-51,0.8884093680661098,1.4806799153572232,1.0768574753271734,955949.8151665529,205183635.73888668
115,-9.894974172481457e-52,0.7495954043057802,1.249323900278247,0.9085987165028925,905637.2054286299,205233948.88705334
116,3.017967122606846e-52,0.6324711223830021,1.0541172071314635,0.766630333321008,857972.5436527971,205281614.00312853
117,-9.204799723950885e-53,0.533647509510658,0.8894115182209417,0.6468444684433698,812816.477302027,205326770.45279446
118,2.8074639158050206e-53,0.4502650861496177,0.7504410620267465,0.5457751137769203,770036.9861294178,205369550.2673893
119,-8.562764943205316e-54,0.3799111664387399,0.6331847162309376,0.4604978223951468,729508.9965891106,205410078.52981716
120,2.611643307677624e-54,0.3205500466826868,0.5342496569292563,0.3885450902553078,691114.0164912265,205448473.74016395
121,-7.965512088416759e-55,0.270464101888517,0.45077318749111206,0.327834959359968,654739.7888431808,205484848.16208455
122,2.4294811869671123e-55,0.22820408596843622,0.3803399065384148,0.276610776552762,620279.9638741772,205519308.15097103
123,-7.409917620249697e-56,0.19254719753586808,0.3209118183363793,0.2333903649109847,587633.7882914508,205551954.46485913
124,2.2600248741761595e-56,0.1624616979208887,0.27076936336726387,0.19692313703958716,556705.8108660306,205582882.55897972
125,-6.893075866237288e-57,0.13707705762074984,0.22846166282558678,0.16615390936160956,527405.603492545,205612182.8648148
126,2.102388139202374e-57,0.11565876736750769,0.19276453737243224,0.14019237038720148,499647.49691199727,205639941.0544723
127,-6.412283824567245e-58,0.09758708496633461,0.16264508543049724,0.11828731953670879,473350.3303286037,205666238.29115188
128,1.955746566493011e-58,0.08233910294034483,0.1372317960988627,0.09980493112597871,448437.21419181064,205691151.46643233
129,-5.965027027803687e-59,0.06947361810591594,0.11578933190857592,0.08421041458770503,424835.305452602,205714753.425074
130,1.8193332434801252e-59,0.05861836527686658,0.0976972517604813,0.0710525402709965,402475.5946392513,205737113.17799258
131,-5.548966392614384e-60,0.04945924570235617,0.08243205839487137,0.059950583075618576,381292.70413187664,205758296.10402623
132,1.6924347497473877e-60,0.04173123856136302,0.06955205093714668,0.05058330613652713,361224.69704759575,205778364.1410858
133,-5.161925986729534e-61,0.03521073253615005,0.05868454422807298,0.04267966580255024,342212.89617884904,205797375.9672462
134,1.5743874259525088e-61,0.029709055577376603,0.04951508512982818,0.036010968958293366,324201.71245663724,205815387.17230824
135,-4.801881649155155e-62,0.02506701564341151,0.04177835378133623,0.03038425576160373,307138.48243808816,205832450.42033228
136,1.4645739029923235e-62,0.02115029444912846,0.03525048653028522,0.02563671632613592,290973.3143440009,205848615.6036185
137,-4.46695040412659e-63,0.01784556094145214,0.029742598405390237,0.021630979795639264,275658.9421968853,205863929.98858398
138,1.3624198732586112e-63,0.015057192044350243,0.025095317701144575,0.018251139499167193,261150.58763359176,205878438.35396278
139,-4.155380613438766e-64,0.012704505787420517,0.021174174532788158,0.015399399174869741,247405.82898897247,205892183.12173298
140,1.2673910870988243e-64,0.010719426758136062,0.017865709928875574,0.01299324322063191,234384.47726819981,205905204.48115346
141,-3.865542815651417e-65,0.009044516327177302,0.01507419287761544,0.010963049092534849,222048.4586454425,205917540.50627282
142,1.178990558773683e-65,0.007631310651055849,0.012718850334333034,0.009250072765671285,210361.70314562798,205929227.26725417
143,-3.595921204259735e-66,0.006438918361828372,0.010731530039977252,0.007804748966418901,199290.03918405235,205940298.9358408
144,1.0967559672992199e-66,0.005432837367792689,0.009054728524018622,0.006585256993203763,188801.09365568723,205950787.88527152
145,-3.345105700262622e-67,0.004583956529075082,0.007639927231731574,0.005556310627606537,178864.19728222693,205960724.78493762
146,1.0202572385801001e-67,0.0038677133214071,0.006446188631466662,0.004688137121736162,169450.29494026504,205970138.69005772
147,-3.111784577669308e-68,0.003263383114937241,0.005438971680069856,0.003955615718734746,160531.86070853018,205979057.12663352
148,9.490942961891395e-69,0.0027534795032282972,0.004589132371761336,0.003337550779384837,152082.81738588907,205987506.17193398
149,-2.894737603376877e-69,0.0023232483308488756,0.0038720804512004233,0.0028160584826327525,144078.46024488081,205995510.53074375
150,8.828949690299478e-70,0.0019602407791537387,0.003267067890095454,0.002376049354116482,136495.38479791634,206003093.60759875
151,-2.6928296555413418e-70,0.0016539531574109672,0.002756588539314362,0.002004791649582105,129311.41836499806,206010277.5752197
152,8.213130449401099e-71,0.0013955229765655035,0.002325871585331235,0.001691542959619643,122505.5552429203,206017083.43934417
153,-2.505004787067336e-71,0.0011774725114771436,0.001962454154086786,0.0014272393761426303,116057.89528643282,206023531.1001464
154,7.640264600555377e-72,0.0009934924315588398,0.0016558206954833932,0.0012042332265930116,109949.5857218192,206029639.41042465
155,-2.330280703169391e-72,0.000838259239127771,0.0013970987140436136,0.0010160717871673542,104162.76602278743,206035426.2307258
156,7.107356144666646e-73,0.0007072812330140568,0.0011788020416464244,0.0008573105720945805,98680.51568751872,206040908.4815691
157,-2.1677436241233285e-73,0.0005967685403556104,0.0009946142238932646,0.0007233557964588964,93486.80476419935,206046102.19292107
158,6.611618053576154e-74,0.0005035234559250463,0.0008392057523505126,0.0006103314542027644,88566.44698039307,206051022.55106655
159,-2.0165435063407284e-74,0.00042484791593675776,0.000708079854251173,0.0005149671651890103,83905.05533922232,206055683.9430129
160,6.150457694339225e-75,0.00035846542907163936,0.0005974423775534981,0.0004345035461572984,79489.00005253631,206060099.99855706
161,-1.8758895967734647e-75,0.0003024552057791957,0.0005040920064575673,0.0003666123674670237,75305.36868807564,206064283.63013878
162,5.721463270159069e-76,0.0002551965798761964,0.0004253276307461748,0.0003093291853479037,71341.92841411469,206068247.07059604
163,-1.7450462973985167e-76,0.0002153221142705407,0.0003588701886652868,0.00026099650036049554,67587.0902311943,206072001.9089336
164,5.322391207065479e-77,0.00018167803391576872,0.0003027967218537371,0.00022021579734656947,64029.87508636654,206075559.12420893
165,-1.6233293181549722e-77,0.00015329084111642986,0.0002554847341896417,0.000185807079136719,60659.8817708762,206078929.11763453
166,4.951154420372666e-78,0.0001293391471919877,0.00021556524456667345,0.00015677472311576994,57467.256507417835,206082121.7429909
167,-1.5101020982136643e-78,0.00010912990544323962,0.00018188317517375317,0.00013227867269955334,54442.66413804636,206085146.33543867
168,4.60581139955168e-79,9.207835771773343e-05,0.00015346392910582107,0.00011161013014321497,51577.26082849905,206088011.73881435
169,-1.4047724768632628e-79,7.769111432433758e-05,0.00012948519022276165,9.417104734806274e-05,48862.668209119955,206090726.33148953
170,4.284556054432954e-80,6.555187771115984e-05,0.00010925312928024899,7.945682122972178e-05,46290.948876778115,206093298.05086896
171,-1.3067895966020514e-80,5.530939681879111e-05,9.218232785255547e-05,6.704169293492314e-05,43854.583186149786,206095734.4165993
172,3.9857082696362607e-81,4.6667303565855e-05,7.777883914235272e-05,5.656642843060044e-05,41546.44726250485,206098042.55255646
173,-1.2156410222390605e-81,3.9375537383690154e-05,6.562589553892939e-05,4.77279240008884e-05,39359.79217170886,206100229.20767555
174,3.707705117829136e-82,3.322310966748857e-05,5.537184937039862e-05,4.027043588517655e-05,37288.22418653552,206102300.7756846
175,-1.1308500609378869e-82,2.803199878194348e-05,4.671999791334405e-05,3.3978180285187934e-05,35325.686091589916,206104263.31379968
176,3.449092685860557e-83,2.365199897226481e-05,3.941999824468671e-05,2.866908962092998e-05,33466.43947217954,206106122.56043607
177,-1.0519732691874706e-83,1.9956374132848434e-05,3.326062352293141e-05,2.4189544371636668e-05,31705.04793534674,206107883.95198724
178,3.2085184710217866e-84,1.6838190674590866e-05,2.8063651100456125e-05,2.0409928066551188e-05,30036.361214002212,206109552.63872066
179,-9.785981336616451e-85,1.4207223381686044e-05,2.3678705618246917e-05,1.7220876808389624e-05,28455.500107680746,206111133.4998372
180,2.98472430766802e-85,1.19873447282976e-05,1.997890786707363e-05,1.4530114808756541e-05,26957.842215886936,206112631.15773758
181,-9.103409138387464e-86,1.01143221145011e-05,1.685720351410172e-05,1.2259784371146678e-05,25539.008422315837,206114049.9915384
182,2.7765397872081776e-86,8.533959284110303e-06,1.4223265465967087e-05,1.034419306409877e-05,24194.850090429107,206115394.14987642
183,-8.468446350984946e-87,7.200528145968068e-06,1.200088023761755e-05,8.727912898541157e-06,22921.43693294704,206116667.56303906
184,2.5828761370504094e-87,6.075445623160557e-06,1.0125742701020673e-05,7.364176508674966e-06,21715.04551978747,206117873.9544566
185,-7.877772218003751e-88,5.12615724454172e-06,8.543595404384341e-06,6.213523929592651e-06,20572.148390849165,206119016.85158923
186,2.402720526491146e-88,4.325195175082076e-06,7.208658622747899e-06,5.242660815892411e-06,19489.40374180597,206120099.59624138
187,-7.328297605798e-89,3.6493834289755018e-06,6.082305713167499e-06,4.42349506363318e-06,18463.6456527533,206121125.35433307
188,2.2351307697683907e-89,3.07916726819808e-06,5.131945445653047e-06,3.7323239601084646e-06,17491.874831135927,206122097.1251569
189,-6.817148847793595e-90,2.59804738254213e-06,4.330078969895735e-06,3.149148341467494e-06,16571.249841889672,206123017.75014803
190,2.079230398577048e-90,2.192102479019922e-06,3.653504130944009e-06,2.657093913207681e-06,15699.078799154264,206123889.92119235
191,-6.341652715660001e-91,1.8495864666730594e-06,3.0826441105548697e-06,2.2419229893398427e-06,14872.811495264166,206124716.18849757
192,1.9342040782763017e-91,1.560588581255394e-06,2.600980968333818e-06,1.8916225223086389e-06,14090.031944002803,206125498.96804994
193,-5.899322438742725e-92,1.3167466154342385e-06,2.194577692071519e-06,1.596056503237774e-06,13348.451316316889,206126240.54867858
194,1.7992933438165313e-92,1.1110049567726387e-06,1.851674927715239e-06,1.3466726746367667e-06,12645.901247835081,206126943.09874785
195,-5.487844698640425e-93,9.374104322769139e-07,1.5623507202821541e-06,1.136255069247193e-06,11980.32749862236,206127608.67249775
196,1.673792633085331e-93,7.909400522336461e-07,1.3182334202548833e-06,9.58715214694135e-07,11349.783946631416,206128239.2160503
197,-5.105067530910261e-94,6.673556690721389e-07,1.1122594483526696e-06,8.089159624107883e-07,10752.426897288067,206128836.57310012
198,1.5570455969276306e-94,5.630813457796172e-07,9.384689095570239e-07,6.825228432935615e-07,10186.5096925721,206129402.49030524
199,-4.748989070629277e-95,4.7509988550155205e-07,7.918331424458331e-07,5.758786490360367e-07,9650.37760383062,206129938.62239432
200,1.4484416665419296e-95,4.008655283919345e-07,6.681092139439922e-07,4.858976101294766e-07,9142.462993390633,206130446.53700504
201,-4.4177470829528875e-96,3.3823028958069473e-07,5.637171492692339e-07,4.0997610855073636e-07,8661.280730823548,206130927.71926785
202,1.3474128603006314e-96,2.853818068337112e-07,4.75636344698909e-07,3.4591734159267664e-07,8205.423850458876,206131383.57614842
203,-4.109609223916927e-97,2.407908995159438e-07,4.013181658419491e-07,2.9186775697106556e-07,7773.559437449789,206131815.4405616
204,1.2534308132946631e-97,2.031673214665776e-07,3.386122024308281e-07,2.462634199460201e-07,7364.424730361523,206132224.57526883
205,-3.8229639805487245e-98,1.7142242748742484e-07,2.857040458022738e-07,2.0778476058071706e-07,6976.82342888668,206132612.17657045
206,1.1660040140673615e-98,1.446376731925147e-07,2.410627886466155e-07,1.7531839174092698e-07,6609.622195891273,206132979.37780353
207,-3.556312242905454e-99,1.220380367561843e-07,2.0339672792129203e-07,1.4792489303211735e-07,6261.747343563602,206133327.25265595
208,1.0846752340861637e-99,1.029695935130305e-07,1.7161598918412281e-07,1.2481162849638168e-07,5932.181693976322,206133656.8183056
209,-3.308259463962801e-100,8.688059452661949e-08,1.4480099087450312e-07,1.0530981154422154e-07,5619.961604882079,206133969.03839478
210,1.0090191365086547e-100,7.33055016318352e-08,1.2217583605066163e-07,8.885515349073654e-08,5324.174152046204,206134264.82584766
211,-3.0775083663513997e-101,6.185151700186094e-08,1.0308586166797047e-07,7.497153575803369e-08,5043.954459877673,206134545.04553986
212,9.386400517371774e-102,5.2187217470320175e-08,8.697869578251862e-08,6.325723329600946e-08,4778.483172553176,206134810.51682723
213,-2.8628521577983924e-102,4.403296474058265e-08,7.33882745666265e-08,5.337329059363439e-08,4526.9840582399,206135062.01594156
214,8.7316990812851e-103,3.715281399986661e-08,6.192135666568592e-08,4.5033713938473816e-08,4288.721739411855,206135300.2782604
215,-2.6631682197919563e-103,3.134768681238745e-08,5.224614468674359e-08,3.799719613565839e-08,4062.9995426232217,206135526.00045723
216,8.12266307036547e-104,2.644961074795191e-08,4.4082684579493234e-08,3.206013423951509e-08,3849.1574614515243,206135739.84253842
217,-2.4774122364614694e-104,2.2316859068584425e-08,3.719476511398741e-08,2.705073826463085e-08,3646.5702266543162,206135942.42977324
218,7.556107321207487e-105,1.8829849839118108e-08,3.138308306495687e-08,2.282406041081228e-08,3454.6454778965617,206136134.35452202
219,-2.3046127329682853e-105,1.5887685801755905e-08,2.6479476336079858e-08,1.925780097164536e-08,3272.8220317028918,206136316.17796823
220,7.029068835553274e-106,1.3405234895231546e-08,2.2342058158584252e-08,1.6248769569842644e-08,3100.5682405702632,206136488.4317594
221,-2.143865994843749e-106,1.1310666942851618e-08,1.8851111571318118e-08,1.3709899324567384e-08,2937.3804384431105,206136651.61956152
222,6.538791284273438e-107,9.543375233031053e-09,1.5905625388309152e-08,1.1567727555113222e-08,2782.7814680055913,206136806.21853197
223,-1.994331341703399e-107,8.05222285286995e-09,1.3420371421392965e-08,9.7602701246339e-09,2636.3192854847653,206136952.6807145
224,6.0827105921953714e-108,6.79406303210902e-09,1.1323438386805654e-08,8.235227917665192e-09,2497.565638885184,206137091.4343611
225,-1.855226730619589e-108,5.732490683341986e-09,9.554151138871276e-09,6.9484735555340095e-09,2366.1148157900816,206137222.8851842
226,5.658441528389748e-109,4.836789014069801e-09,8.061315023425642e-09,5.862774562484823e-09,2241.582457067762,206137347.41754293
227,-1.725824666158874e-109,4.081040730621394e-09,6.801734551017638e-09,4.946716037098822e-09,2123.6044330144955,206137465.395567
228,5.263765231784568e-110,3.443378116461801e-09,5.738963527422822e-09,4.173791656303821e-09,2011.835778647785,206137577.16422138
229,-1.6054483956942944e-110,2.9053502857646445e-09,4.842250476264272e-09,3.5216367100076157e-09,1905.9496850368305,206137683.050315
230,4.8966176068676e-111,2.451389303613919e-09,4.08564883934893e-09,2.971380974069876e-09,1805.6365437208633,206137783.3634563
231,-1.4934683700946187e-111,2.0683597249242443e-09,3.4472662082013724e-09,2.5071026968721706e-09,1710.603041421251,206137878.39695862
232,4.55507852878859e-112,1.7451785179048311e-09,2.9086308631704425e-09,2.1153679004864286e-09,1620.5713024003335,206137968.42869765
233,-1.3892989512805201e-112,1.4724943744822014e-09,2.4541572908004617e-09,1.784841666035825e-09,1535.2780759592683,206138053.7219241
234,4.2373618014055883e-113,1.2424171284693575e-09,2.07069521411319e-09,1.505960155718028e-09,1454.4739666991466,206138134.52603337
235,-1.292395349428705e-113,1.0482894521460204e-09,1.7471490869082296e-09,1.2706538813873116e-09,1377.9227052946812,206138211.07729477
236,3.941805815757553e-114,8.844942252482047e-10,1.474157042078988e-09,1.0721142124207133e-09,1305.400457648228,206138283.5995424
237,-1.2022507738060545e-114,7.462920025531727e-10,1.243820004254273e-09,9.045963667301037e-10,1236.6951704041205,206138352.30482966
238,3.666864860108468e-115,6.296838771542395e-10,1.049473128589638e-09,7.632531844286201e-10,1171.6059509096192,206138417.39404914
239,-1.1183937823330828e-115,5.312957713488896e-10,8.854929522475785e-10,6.439948743617196e-10,1109.9424798094944,206138479.05752024
240,3.411101036115905e-116,4.482808070756256e-10,7.471346784589479e-10,5.433706752427544e-10,1051.5244545566852,206138537.4755455
241,-1.0403858160153514e-116,3.782369309700591e-10,6.303948849497774e-10,4.584690072361142e-10,996.1810622118682,206138592.81893784
242,3.173176738846822e-117,3.1913741050598735e-10,5.318956841764048e-10,3.8683322485550146e-10,943.7504799904201,206138645.24952006
243,-9.678189053482814e-118,2.692721901144268e-10,4.487869835238641e-10,3.263905334718519e-10,894.0794020963809,206138694.92059797
244,2.951847661312259e-118,2.2719841040904764e-10,3.7866401734827726e-10,2.75392012616892e-10,847.0225914598925,206138741.97740862
245,-9.003135367002395e-119,1.9169865878263395e-10,3.1949776463762164e-10,2.323620106455153e-10,802.4424550674042,206138786.557545
246,2.745956286935732e-119,1.617457433478474e-10,2.695762389130028e-10,1.9605544648216308e-10,760.2086416429202,206138828.79135844
247,-8.375166675153988e-120,1.3647297094974626e-10,2.2745495158285327e-10,1.6542178296933224e-10,720.1976605039172,206138868.80233958
248,2.5544258359219674e-120,1.151490692388484e-10,1.919151153980378e-10,1.3957462938037944e-10,682.292520477478,206138906.7074796
249,-7.790998799562002e-121,9.715702717027833e-11,1.619283786170984e-10,1.1776609353969917e-10,646.3823878208384,206138942.61761224
250,2.3762546338664122e-121,8.197624167492235e-11,1.366270694581798e-10,9.936514142412419e-11,612.3622621461163,206138976.63773793
251,-7.247576633292562e-122,6.916745391321573e-11,1.1527908985534146e-10,8.383933807660704e-11,580.1326694016336,206139008.86733067
252,2.2105108731542327e-122,5.836003923927578e-11,9.726673206544606e-11,7.073944150213889e-11,549.5993710121159,206139039.40062907
253,-6.742058163120412e-123,4.924128310813894e-11,8.206880518022139e-11,5.968640376743095e-11,520.673088327303,206139068.32691175
254,2.0563277397517263e-123,4.154733262249223e-11,6.924555437081275e-11,5.0360403178770824e-11,493.2692415732643,206139095.7307585
255,-6.27179960624277e-124,3.505556190022782e-11,5.842593650037398e-11,4.24915901820886e-11,467.30770254311767,206139121.69229752
256,1.912898879904046e-124,2.957813035331722e-11,4.929688392219108e-11,3.58522792161378e-11,442.7125603040275,206139146.28743976
257,-5.834341583707343e-125,2.4956547485611404e-11,4.159424580934913e-11,3.025036058861667e-11,419.41189923541236,206139169.58810082
258,1.7794741830307403e-125,2.1057086940984623e-11,3.509514490163863e-11,2.5523741746645617e-11,397.33758874935313,206139191.6624113
259,-5.4273962582437617e-126,1.7766917106455774e-11,2.961152851075782e-11,2.1535657098732466e-11,376.4250840783473,206139212.57491598
260,1.6553558587643484e-126,1.499083630857206e-11,2.498472718095208e-11,1.817071067705569e-11,356.61323754791874,206139232.3867625
261,-5.048835369231264e-127,1.2648518135357674e-11,2.1080863558928444e-11,1.5331537133765867e-11,337.8441197822479,206139251.15588027
262,1.539894787615536e-127,1.0672187176708038e-11,1.778697862784597e-11,1.2935984456615044e-11,320.062850320032,206139268.93714973
263,-4.696679102227387e-128,9.004657930347407e-12,1.500776321724511e-11,1.0914736885269014e-11,303.2174371452999,206139285.7825629
264,1.432487126179354e-128,7.597680128730624e-12,1.2662800214550615e-11,9.209309246945784e-12,287.2586246639738,206139301.7413754
265,-4.369085734847031e-129,6.410542608616464e-12,1.0684237681027122e-11,7.770354677110546e-12,272.139749681664,206139316.86025038
266,1.3325711491283454e-129,5.408895326020142e-12,9.014825543366664e-12,6.556236758812054e-12,257.8166049615803,206139331.18339512
267,-4.0643420048414564e-130,4.5637554313294945e-12,7.606259052215646e-12,5.5318247652476925e-12,244.2473099636057,206139344.7526901
268,1.2396243114766445e-130,3.850668645184261e-12,6.417781075306968e-12,4.667477145677758e-12,231.39218838657658,206139357.6078117
269,-3.780854150003767e-131,3.24900166937422e-12,5.4150027822902665e-12,3.9381838416656205e-12,219.21365215570646,206139369.78634793
270,1.1531605157511498e-131,2.741345158534498e-12,4.5689085975574214e-12,3.322842616405377e-12,207.6760915159344,206139381.32390857
271,-3.5171395730410076e-132,2.313009977513483e-12,3.855016629189082e-12,2.8036484575920438e-12,196.74577090983425,206139392.2542292
272,1.0727275697775082e-132,1.951602168527001e-12,3.252670280878293e-12,2.3655783860932925e-12,186.39073033563386,206139402.60926977
273,-3.2718190878214012e-133,1.6466643296946572e-12,2.7444405494910637e-12,1.9959567632662193e-12,176.58069189691747,206139412.41930822
274,9.979048217855277e-134,1.389373028179867e-12,2.315621713633088e-12,1.6840885190058756e-12,167.28697127076492,206139421.71302885
275,-3.043609706445861e-134,1.1722834925267628e-12,1.95380582087792e-12,1.4209496879112099e-12,158.48239383546235,206139430.5176063
276,9.28300960465988e-135,9.89114196819456e-13,1.6485236613657468e-12,1.198926299175085e-12,150.14121521254398,206139438.8587849
277,-2.831317929421265e-135,8.34565103566416e-13,1.3909418392773502e-12,1.0115940649289792e-12,142.23904599083176,206139446.76095414
278,8.635519684734865e-136,7.041643061341636e-13,1.173607176890265e-12,8.535324922838271e-13,134.75278041236743,206139454.2472197
279,-2.6338335038441355e-136,5.941386333007005e-13,9.90231055501162e-13,7.201680403644798e-13,127.66052881171694,206139461.3394713
280,8.033192186724619e-137,5.013044718474661e-13,8.355074530791059e-13,6.076417840575304e-13,120.94155361110062,206139468.0584465
281,-2.4501236169510106e-137,4.2297564812129955e-13,7.04959413535496e-13,5.126977552985417e-13,114.57620868420089,206139474.42379144
282,7.472877031700587e-138,3.568857031023465e-13,5.94809505170575e-13,4.3258873103314484e-13,108.54588191134847,206139480.45411822
283,-2.2792274946686807e-138,3.011223119926048e-13,5.018705199876729e-13,3.649967418092162e-13,102.83294075811982,206139486.16705936
284,6.951643858739477e-139,2.5407195074376034e-13,4.2345325123959915e-13,3.079660009015263e-13,97.42068071821896,206139491.5793194
285,-2.1202513769155424e-139,2.1437320844004777e-13,3.572886807334119e-13,2.5984631326066294e-13,92.2932764698918,206139496.70672363
286,6.466766699592408e-140,1.808773946212903e-13,3.014623243688164e-13,2.1924532681368445e-13,87.43573560305552,206139501.5642645
287,-1.9723638433756855e-140,1.5261530171171368e-13,2.543588361861889e-13,1.8498824449904632e-13,82.83385478184218,206139506.16614532
288,6.015709722295844e-141,1.2876916081925842e-13,2.1461526803209694e-13,1.560838312960704e-13,78.47417821437689,206139510.5258219
289,-1.8347914653002335e-141,1.086489794412493e-13,1.8108163240208183e-13,1.3169573265605944e-13,74.34395830835713,206139514.6560418
290,5.596113969165715e-142,9.16725764035541e-14,1.5278762733925656e-13,1.1111827442855017e-13,70.43111839739103,206139518.56888172
291,-1.7068147605955444e-142,7.734873634049877e-14,1.2891456056749774e-13,9.375604404908923e-14,66.72421742910736,206139522.27578267
292,5.205785019816414e-143,6.526299628729583e-14,1.0877166047882623e-13,7.910666216641904e-14,63.21241651178596,206139525.7875836
293,-1.5877644310440067e-143,5.506565311740586e-14,9.177608852900964e-14,6.674624620291608e-14,59.885447221692004,206139529.1145529
294,4.8426815146842214e-144,4.64616448178112e-14,7.743607469635189e-14,5.631714523371045e-14,56.73358157844509,206139532.26641852
295,-1.477017861978688e-144,3.9202012815028195e-14,6.533668802504692e-14,4.75175912909432e-14,53.74760360063222,206139535.2523965
296,4.504904479035002e-145,3.307669831268004e-14,5.512783052113335e-14,4.0092967651733326e-14,50.9187823584937,206139538.08121774
297,-1.3739958661056763e-145,2.790846420132378e-14,4.651410700220627e-14,3.382844145615e-14,48.238846444888786,206139540.76115364
298,4.190687391622313e-146,2.354776666986694e-14,3.924627778311154e-14,2.854274747862656e-14,45.699959789894656,206139543.3000403
299,-1.2781596544448063e-146,1.986842812770023e-14,3.311404687950037e-14,2.4082943185091167e-14,43.29469874832127,206139545.70530134
300,3.898386946056662e-147,1.676398623274707e-14,2.7939977054578436e-14,2.0319983312420674e-14,41.01603039314647,206139547.9839697
301,-1.1890080185472821e-147,1.414461338388034e-14,2.3574355639800556e-14,1.7144985919854946e-14,38.85729195140193,206139550.14270812
302,3.626474456569213e-148,1.1934517542649036e-14,1.989086257108172e-14,1.4466081869877614e-14,36.812171322380784,206139552.18782875
303,-1.1060747092536108e-148,1.0069749176610125e-14,1.67829152943502e-14,1.2205756577709236e-14,34.87468862120286,206139554.12531146
304,3.3735278632235142e-149,8.496350867764793e-15,1.4160584779607982e-14,1.0298607112442169e-14,33.039178693771134,206139555.9608214
305,-1.0289259982831723e-149,7.168796044676544e-15,1.1947993407794237e-14,8.689449751123081e-15,31.300274551993713,206139557.69972554
306,3.138224294763677e-150,6.048671662695834e-15,1.0081119437826387e-14,7.331723227510099e-15,29.652891680836152,206139559.34710842
307,-9.571584099029222e-151,5.103566715399609e-15,8.505944525666013e-15,6.186141473211646e-15,28.092213171318463,206139560.90778694
308,2.9193331502039156e-151,4.3061344161184206e-15,7.176890693530699e-15,5.219556868022326e-15,26.613675635985913,206139562.38632447
309,-8.903966108121945e-152,3.633300913599918e-15,6.055501522666527e-15,4.404001107393838e-15,25.212955865670867,206139563.78704423
310,2.7157096629771946e-152,3.0655976458499306e-15,5.109329409749883e-15,3.715875934363551e-15,23.8859581885303,206139565.1140419
311,-8.282914472080447e-153,2.586598013685879e-15,4.310996689476464e-15,3.135270319619246e-15,22.628802494397128,206139566.37119758
312,2.5262889139845376e-153,2.1824420740474604e-15,3.637403456745766e-15,2.6453843321787388e-15,21.43781288942886,206139567.5621872
313,-7.705181187652846e-154,1.8414354999775445e-15,3.0690591666292403e-15,2.232043030275811e-15,20.309506947879974,206139568.69049314
314,2.350080262234119e-154,1.5537112031060532e-15,2.5895186718434218e-15,1.8832863067952156e-15,19.240585529570502,206139569.75941455
315,-7.16774479981407e-155,1.3109438276207325e-15,2.184906379367887e-15,1.5890228213584633e-15,18.22792313327732,206139570.77207696
316,2.186162163943293e-155,1.106108854554993e-15,1.8435147575916548e-15,1.3407380055212033e-15,17.26855875784167,206139571.73144135
317,-6.667794600027045e-156,9.332793460307753e-16,1.5554655767179588e-15,1.1312476921585153e-15,16.359687244271058,206139572.64031285
318,2.0336773530082498e-156,7.874544482134667e-16,1.3124240803557776e-15,9.544902402587474e-16,15.49865107351995,206139573.50134903
319,-6.202715926675165e-157,6.644146906801125e-16,1.1073578178001873e-15,8.053511402183181e-16,14.68293259596627,206139574.3170675
320,1.891828357635926e-157,5.60599895261345e-16,9.343331587689082e-16,6.795150245592059e-16,13.910146669862781,206139575.08985344
321,-5.770076490789579e-158,4.730061616267598e-16,7.883436027112663e-16,5.7334080197183e-16,13.178033687238425,206139575.8219664
322,1.7598733296908226e-158,3.9909894887257864e-16,6.651649147876309e-16,4.837563016637316e-16,12.484452966857456,206139576.51554713
323,-5.367613655557012e-159,3.367397381112382e-16,5.612328968520636e-16,4.0816937952877354e-16,11.82737649491759,206139577.1726236
324,1.6371221649448892e-159,2.841241540313572e-16,4.735402567189287e-16,3.443929139774027e-16,11.204882995185086,206139577.7951171
325,-4.9932226030819145e-160,2.3972975496395763e-16,3.9954959160659607e-16,2.905815211684335e-16,10.615152311227977,206139578.3848478
326,1.522932893939985e-160,2.0227198075083926e-16,3.3711996791806546e-16,2.4517815848586576e-16,10.056460084321241,206139578.94354
327,-4.644945326516956e-161,1.7066698375852063e-16,2.8444497293086773e-16,2.0686907122244925e-16,9.527172711462228,206139579.47282737
328,1.416708324587672e-161,1.4400026754625178e-16,2.4000044591041966e-16,1.7454577884394157e-16,9.02574256875369,206139579.97425753
329,-4.320960389992402e-162,1.2150022574214995e-16,2.0250037623691659e-16,1.4727300089957569e-16,8.550703486187707,206139580.44929662
330,1.3178929189476832e-162,1.0251581546993901e-16,1.7085969244989837e-16,1.24261594509017e-16,8.10066646059888,206139580.89933366
331,-4.0195734027904366e-163,8.649771930276104e-17,1.4416286550460174e-16,1.048457203669831e-16,7.674315594251571,206139581.32568452
332,1.2259698878510837e-163,7.298245066170463e-17,1.2163741776950773e-16,8.846357655964199e-17,7.270404247185699,206139581.72959587
333,-3.739208157945807e-164,6.157894274581329e-17,1.0263157124302215e-16,7.464114272219793e-17,6.887751392070662,206139582.11224872
334,1.1404584881734717e-164,5.195723294177996e-17,8.659538823629994e-17,6.297846417185451e-17,6.525238160909048,206139582.47476196
335,-3.4783983889290904e-165,4.383891529462684e-17,7.306485882437807e-17,5.313807914500224e-17,6.181804573492782,206139582.81819555
336,1.060911508623373e-165,3.69890847798414e-17,6.1648474633069e-17,4.4835254278595635e-17,5.8564464380457935,206139583.14355367
337,-3.23578010130129e-166,3.120954028299118e-17,5.2015900471651964e-17,3.7829745797565066e-17,5.5482124149907515,206139583.4517877
338,9.869129308968938e-167,2.633304961377381e-17,4.3888416022956345e-17,3.1918848016695524e-17,5.256201235254396,206139583.74379888
339,-3.0100844392355282e-167,2.221851061162165e-17,3.7030851019369416e-17,2.693152801408685e-17,4.979559064977849,206139584.02044106
340,9.180757539668364e-168,1.8746868328555766e-17,3.124478054759294e-17,2.272347676188578e-17,4.717477008926383,206139584.28252313
341,-2.800131049598853e-168,1.5817670152218928e-17,2.6362783587031545e-17,1.9172933517841127e-17,4.469188745298679,206139584.5308114
342,8.540399701276505e-169,1.334615919093472e-17,2.2243598651557867e-17,1.617716265567845e-17,4.233968285019801,206139584.76603186
343,-2.604821908889335e-169,1.126082181735117e-17,1.8768036362251952e-17,1.3649480990728692e-17,4.011127848966127,206139584.9888723
344,7.944706822112476e-170,9.50131840839005e-18,1.5835530680650084e-17,1.1516749585927333e-17,3.800015856915278,206139585.19998428
345,-2.423135580744306e-170,8.016737407079104e-18,1.3361229011798508e-17,9.717257463126187e-18,3.6000150223407896,206139585.3999851
346,7.390563521270136e-171,6.764122187222994e-18,1.1273536978704991e-17,8.19893598451272e-18,3.410540547480748,206139585.58945957
347,-2.2541218739873924e-171,5.707228095469401e-18,9.512046825782336e-18,6.917852236932608e-18,3.231038413402814,206139585.7689617
348,6.87507171566155e-172,4.8154737055523075e-18,8.025789509253846e-18,5.836937824911888e-18,3.060983760065824,206139585.93901634
349,-2.0968968732767733e-172,4.06305593905976e-18,6.771759898432933e-18,4.924916289769405e-18,2.8998793516413066,206139586.10012075
350,6.395535463494161e-173,3.4282034485816724e-18,5.713672414302787e-18,4.155398119492936e-18,2.7472541226075538,206139586.252746
351,-1.9506383163657206e-173,2.892546659740786e-18,4.820911099567977e-18,3.5061171633221645e-18,2.602661800365051,206139586.3973383
352,5.949446864915451e-174,2.440586244156288e-18,4.06764374026048e-18,2.9582863565530765e-18,2.4656796003458377,206139586.5343205
353,-1.8145812937992136e-174,2.059244643506868e-18,3.43207440584478e-18,2.4960541133416585e-18,2.33590698980132,206139586.6640931
354,5.534472946087603e-175,1.73748766795892e-18,2.8958127799315332e-18,2.1060456581320244e-18,2.2129645166538823,206139586.78703558
355,-1.6880142485567202e-175,1.4660052198403387e-18,2.4433420330672313e-18,1.7769760240488954e-18,2.0964926999878886,206139586.9035074
356,5.148443458097998e-176,1.2369419042402859e-18,2.0615698404004765e-18,1.4993235202912555e-18,1.9861509789358944,206139587.01384914
357,-1.5702752547198909e-176,1.0436697317027413e-18,1.739449552837902e-18,1.265054220245747e-18,1.881616716886637,206139587.1183834
358,4.78933952689567e-177,8.805963361241879e-19,1.4676605602069799e-18,1.0673894983323491e-18,1.7825842581031297,206139587.21741587
359,-1.4607485557031804e-177,7.430031586047836e-19,1.2383385976746394e-18,9.006098892179196e-19,1.6887640339924386,206139587.31123608
360,4.455283094894702e-178,6.269089150727861e-19,1.044848191787977e-18,7.598895940276196e-19,1.5998817164138892,206139587.4001184
361,-1.3588613439428845e-178,5.289543970926633e-19,8.815906618211056e-19,6.411568449608041e-19,1.5156774155500004,206139587.4843227
362,4.144527099025801e-179,4.463052725469347e-19,7.438421209115578e-19,5.409760879356785e-19,1.4359049199947371,206139587.5640952
363,-1.2640807652028699e-179,3.7657007371147613e-19,6.2761678951912695e-19,4.564485741957286e-19,1.3603309768371195,206139587.63966915
364,3.855446333868755e-180,3.1773099969405797e-19,5.295516661567633e-19,3.8512848447764606e-19,1.2887346096351657,206139587.7112655
365,-1.1759111318299712e-180,2.6808553099186143e-19,4.468092183197691e-19,3.249521587780139e-19,1.2209064722859464,206139587.77909365
366,3.5865289520814135e-181,2.261971667743831e-19,3.7699527795730516e-19,2.741783839689492e-19,1.1566482369024755,206139587.8433519
367,-1.0938913303848318e-181,1.9085385946588572e-19,3.180897657764762e-19,2.313380114738009e-19,1.0957720139076084,206139587.90422812
368,3.3363685576737386e-182,1.6103294392434108e-19,2.683882398739018e-19,1.951914471810195e-19,1.0380998026493131,206139587.96190032
369,-1.0175924100904909e-182,1.358715464361628e-19,2.2645257739360463e-19,1.646927835589852e-19,0.9834629709309283,206139588.01653716
370,3.1036568507759993e-183,1.1464161730551236e-19,1.9106936217585391e-19,1.3895953612789375e-19,0.9317017619345637,206139588.06829837
371,-9.4661533948668e-184,9.672886460152605e-20,1.6121477433587675e-19,1.1724710860791037e-19,0.8826648270959024,206139588.1173353
372,2.887176785434375e-184,8.16149795075376e-20,1.36024965845896e-19,9.892724788792437e-20,0.8362087835645392,206139588.16379133
373,-8.805889195574847e-185,6.886263895948486e-20,1.1477106493247475e-19,8.346986540543618e-20,0.7921977949558793,206139588.20780233
374,2.6857962046503298e-185,5.810285162206535e-20,9.683808603677557e-20,7.042769893583678e-20,0.7505031741687277,206139588.24949694
375,-8.191678424183513e-186,4.9024281056117636e-20,8.170713509352938e-20,5.942337097711228e-20,0.7110030071072158,206139588.2889971
376,2.498461919375973e-186,4.136423714109926e-20,6.894039523516542e-20,5.0138469261938486e-20,0.673581796206836,206139588.3264183
377,-7.62030885409672e-187,3.49010750878025e-20,5.816845847967082e-20,4.23043334397606e-20,0.6381301227222657,206139588.36187
378,2.324194200499501e-187,2.944778210533336e-20,4.907963684222226e-20,3.5694281339798005e-20,0.6045443267895149,206139588.39545578
379,-7.088792311523483e-188,2.4846566151375026e-20,4.141094358562503e-20,3.0117049880454564e-20,0.5727262043269088,206139588.4272739
380,2.1620816550146628e-188,2.096429019022268e-20,3.494048365037112e-20,2.541126083663354e-20,0.5425827198886505,206139588.45741737
381,-6.5943490477947255e-189,1.7688619848000386e-20,2.9481033080000634e-20,2.144075133090955e-20,0.514025734631353,206139588.48597434
382,2.011276459577392e-189,1.4924772996750326e-20,2.4874621661250536e-20,1.8090633935454932e-20,0.4869717485981239,206139588.51302832
383,-6.134393201711047e-190,1.2592777216008087e-20,2.098796202668014e-20,1.5263972383040098e-20,0.4613416565666437,206139588.5386584
384,1.87098992652187e-190,1.0625155776006823e-20,1.770859296001137e-20,1.2878976698190085e-20,0.4370605167473467,206139588.56293955
385,-5.706519275891706e-191,8.964975186005757e-21,1.4941625310009593e-20,1.0866636589097885e-20,0.41405733165538106,206139588.58594275
386,1.7404883791469717e-191,7.564197813192357e-21,1.2606996355320594e-20,9.168724622051341e-21,0.39226484051562416,206139588.60773525
387,-5.308489556398265e-192,6.382291904881051e-21,1.063715317480175e-20,7.736111399855819e-21,0.3716193225937492,206139588.62838078
388,1.6190893147014716e-192,5.385058794743386e-21,8.975097991238977e-21,6.527343993628347e-21,0.3520604108782887,206139588.64793968
389,-4.93822240983949e-193,4.543643358064732e-21,7.572738930107886e-21,5.507446494623917e-21,0.3335309155689051,206139588.6664692
390,1.506157835001045e-193,3.833699083367118e-21,6.389498472278529e-21,4.6469079798389306e-21,0.3159766568547522,206139588.68402344
391,-4.5937813967531904e-194,3.2346836015910055e-21,5.391139335985009e-21,3.920828607989098e-21,0.29934630649397576,206139588.7006538
392,1.4011033260097243e-194,2.729264288842411e-21,4.5487738147373515e-21,3.308199137990801e-21,0.2835912377311349,206139588.71640885
393,-4.2733651443296624e-195,2.3028167437107842e-21,3.838027906184641e-21,2.7912930226797385e-21,0.2686653831137068,206139588.73133472
394,1.3033763690205477e-195,1.9430016275059744e-21,3.2383360458432905e-21,2.3551534878860294e-21,0.2545250997919328,206139588.745475
395,-3.9752979255126724e-196,1.639407623208166e-21,2.7323460386802764e-21,1.9871607554038372e-21,0.24112904190814685,206139588.75887105
396,1.2124658672813653e-196,1.38325018208189e-21,2.3054169701364833e-21,1.6766668873719877e-21,0.2284380397024549,206139588.77156204
397,-3.698020895208165e-197,1.1671173411315946e-21,1.9451955685526576e-21,1.4146876862201147e-21,0.21641498498127307,206139588.7835851
398,1.1278963730384908e-197,9.84755256579783e-22,1.6412587609663049e-21,1.1936427352482217e-21,0.20502472261383764,206139588.79497537
399,-3.440083937767397e-198,8.308872477391919e-22,1.3848120795653198e-21,1.007136057865687e-21,0.19423394773942512,206139588.80576614
400,1.049225601019057e-198,7.010611152799432e-22,1.1684351921332385e-21,8.497710488241735e-22,0.18401110838471854,206139588.815989
401,-3.2001380831081264e-199,5.915203160174521e-22,9.8586719336242e-22,7.169943224453964e-22,0.17432631320657546,206139588.8256738
402,9.760421153479793e-200,4.990952666397252e-22,8.31825444399542e-22,6.049639595633033e-22,0.1651512440904399,206139588.83484885
403,-2.976928451811338e-200,4.2111163122726816e-22,7.018527187121135e-22,5.104383408815371e-22,0.1564590733488378,206139588.84354103
404,9.079631778024584e-201,3.553129388480075e-22,5.921882314133458e-22,4.306823501187969e-22,0.14822438527784634,206139588.8517757
405,-2.7692876922974997e-201,2.997952921530063e-22,4.996588202550106e-22,3.6338823291273495e-22,0.14042310184217022,206139588.859577
406,8.44632746150738e-202,2.5295227775409905e-22,4.215871295901652e-22,3.066088215201201e-22,0.13303241227152968,206139588.86696768
407,-2.5761298757597525e-202,2.1342848435502108e-22,3.5571414059170184e-22,2.587011931576014e-22,0.1260307063625018,206139588.87396938
408,7.857196121067248e-203,1.8008028367454903e-22,3.0013380612424843e-22,2.1827913172672617e-22,0.11939751129079118,206139588.88060257
409,-2.3964448169255115e-203,1.5194273935040075e-22,2.532378989173346e-22,1.841730173944252e-22,0.11311343174917059,206139588.88688666
410,7.309156691622814e-204,1.2820168632690064e-22,2.1366947721150106e-22,1.5539598342654624e-22,0.10716009323605635,206139588.89284
411,-2.229292790944959e-204,1.0817017283832242e-22,1.80283621397204e-22,1.311153610161484e-22,0.10152008832889549,206139588.89848
412,6.799343012382128e-205,9.126858333233454e-23,1.521143055538909e-22,1.106285858573752e-22,0.09617692578526942,206139588.90382317
413,-2.073799618776551e-205,7.700786718665727e-23,1.2834644531109545e-22,9.334286931716032e-23,0.09111498232288681,206139588.90888512
414,6.325088837268483e-206,6.497538793874208e-23,1.0829231323123678e-22,7.875804598635402e-23,0.08631945693747171,206139588.91368064
415,-1.9291520953668887e-206,5.482298357331363e-23,9.137163928885603e-23,6.64521013009862e-23,0.08177632762497321,206139588.91822377
416,5.883913890869016e-207,4.625689238998338e-23,7.709482064997227e-23,5.606896047270711e-23,0.07747231038155357,206139588.9225278
417,-1.7945937367150513e-207,3.9029252954048473e-23,6.50487549234141e-23,4.730818539884662e-23,0.0733948203614718,206139588.92660528
418,5.47351089698091e-208,3.29309321799784e-23,5.488488696663065e-23,3.9916281430276834e-23,0.06953193507928906,206139588.93046817
419,-1.6694208235791786e-208,2.7785474026856773e-23,4.630912337809461e-23,3.367936245679608e-23,0.06587235954880016,206139588.93412775
420,5.091733511916495e-209,2.3443993710160404e-23,3.907332285026733e-23,2.8416962072921694e-23,0.06240539325675805,206139588.9375947
421,-1.552978721134532e-209,1.978086969294784e-23,3.296811615491306e-23,2.397681174902768e-23,0.05912089887482341,206139588.9408792
422,4.736585099460324e-210,1.6690108803424738e-23,2.781684800570789e-23,2.0230434913242105e-23,0.05600927261825376,206139588.94399083
423,-1.4446584553354e-210,1.4082279302889622e-23,2.3470465504816034e-23,1.7069429458048026e-23,0.05306141616466146,206139588.9469387
424,4.406208288772972e-211,1.1881923161813119e-23,1.9803205269688529e-23,1.4402331105228022e-23,0.050268710050731906,206139588.9497314
425,-1.343893528075757e-211,1.0025372667779819e-23,1.6708954446299695e-23,1.2151966870036143e-23,0.04762298846911444,206139588.95237714
426,4.0988752606310603e-212,8.458908188439221e-24,1.4098180314065368e-23,1.0253222046592995e-23,0.04511651539179263,206139588.9548836
427,-1.2501569544924743e-212,7.137203783995594e-24,1.1895339639992654e-23,8.651156101812839e-24,0.04274196195011933,206139588.95725816
428,3.812978711202049e-213,6.022015692746282e-24,1.0036692821243802e-23,7.299412960904583e-24,0.04049238500537621,206139588.95950773
429,-1.1629585069166253e-213,5.081075740754676e-24,8.468459567924458e-24,6.1588796857632414e-24,0.038361206847198515,206139588.9616389
430,3.547023446095708e-214,4.287157656261758e-24,7.145262760436261e-24,5.196554734862736e-24,0.03634219596050386,206139588.96365792
431,-1.0818421510591915e-214,3.617289272470858e-24,6.0288154541180954e-24,4.384593057540433e-24,0.034429448804687866,206139588.96557066
432,3.299618560730536e-215,3.0520878236472862e-24,5.086813039412143e-24,3.69950039229974e-24,0.032617372551809555,206139588.96738273
433,-1.0063836610228139e-215,2.5751991012023977e-24,4.291998502003996e-24,3.121453456002906e-24,0.030900668733293262,206139588.96909943
434,3.0694701661195835e-216,2.172824241639523e-24,3.621373736065872e-24,2.633726353502452e-24,0.02927431774733046,206139588.97072577
435,-9.361884006664734e-217,1.8333204538833477e-24,3.0555340898055793e-24,2.222206610767694e-24,0.027733564181681488,206139588.97226653
436,2.855374622032745e-217,1.5468641329640746e-24,2.5781068882734577e-24,1.874986827835242e-24,0.02627390290896141,206139588.97372618
437,-8.708892597199881e-218,1.305166612188438e-24,2.1752776869807297e-24,1.5820201359859853e-24,0.024891065913752917,206139588.975109
438,2.656212242145966e-218,1.1012343290339945e-24,1.8353905483899906e-24,1.334829489738175e-24,0.02358100981302908,206139588.97641906
439,-8.101447338545201e-219,9.291664651224328e-25,1.5486107752040546e-24,1.1262623819665852e-24,0.02233990403339597,206139588.97766018
440,2.4709414382562878e-219,7.839842049470527e-25,1.306640341578421e-24,9.502838847843063e-25,0.021164119610585657,206139588.97883597
441,-7.536371386681682e-220,6.614866729240758e-25,1.1024777882067926e-24,8.018020277867584e-25,0.02005021857844957,206139588.97994986
442,2.2985932729379146e-220,5.581293802796889e-25,9.302156337994813e-25,6.765204609450774e-25,0.01899494391642591,206139588.98100513
443,-7.010709482460644e-221,4.7092166461098755e-25,7.848694410183124e-25,5.708141389224091e-25,0.017995210026087706,206139588.98200488
444,2.138266392150498e-221,3.9734015451552074e-25,6.622335908592011e-25,4.816244297157826e-25,0.017048093708925197,206139588.982952
445,-6.52171249605902e-222,3.3525575537247063e-25,5.58759592287451e-25,4.063706125726916e-25,0.016150825618981766,206139588.98384926
446,1.9891223112980023e-222,2.828720435955221e-25,4.714534059925368e-25,3.4287520435820857e-25,0.015300782165351147,206139588.9846993
447,-6.066823049458909e-223,2.3867328678372176e-25,3.9778881130620287e-25,2.8930095367723847e-25,0.014495477840858981,206139588.98550463
448,1.850381030084968e-223,2.0138058572376523e-25,3.3563430953960867e-25,2.4409767966516996e-25,0.013732557954497982,206139588.98626754
449,-5.643662141759155e-224,1.699148692044269e-25,2.8319144867404484e-25,2.0595741721748713e-25,0.01300979174636651,206139588.9869903
450,1.7213169532365433e-224,1.433656708912352e-25,2.3894278481872535e-25,1.7377657077725478e-25,0.012325065864978798,206139588.98767504
451,-5.250016707371462e-225,1.209647848144797e-25,2.016079746907995e-25,1.4662398159330871e-25,0.011676378187874651,206139588.98832372
452,1.6012550957482968e-225,1.0206403718721725e-25,1.701067286453621e-25,1.2371398446935423e-25,0.011061831967460196,206139588.98893827
453,-4.8838280420323066e-226,8.611653137671455e-26,1.4352755229452425e-25,1.0438367439601764e-25,0.010479630284962292,206139588.98952046
454,1.4895675528198546e-226,7.26608233491029e-26,1.2110137224850483e-25,8.807372527163988e-26,0.009928070796280067,206139588.990072
455,-4.543181036100559e-227,6.130756970080557e-26,1.0217928283467595e-25,7.431220569794615e-26,0.009405540754370589,206139588.99059454
456,1.385670216010671e-227,5.17282619350547e-26,8.621376989175783e-26,6.270092355764206e-26,0.008910512293614243,206139588.99108955
457,-4.22629415883255e-228,4.3645721007702406e-26,7.274286834617067e-26,5.290390425176049e-26,0.008441537962371388,206139588.99155852
458,1.2890197184439289e-228,3.6826077100248907e-26,6.13767951670815e-26,4.463766921242291e-26,0.007997246490667631,206139588.99200282
459,-3.931510141253984e-229,3.107200255333501e-26,5.178667092222502e-26,3.766303339798183e-26,0.007576338780632493,206139588.9924237
460,1.1991105930824657e-229,2.621700215437642e-26,4.369500359062736e-26,3.177818442954717e-26,0.007177584107967625,206139588.99282247
461,-3.657287308901523e-230,2.2120595567755104e-26,3.6867659279591836e-26,2.6812843112430425e-26,0.00679981652333775,206139588.99320024
462,1.1154726292149648e-230,1.866425251029337e-26,3.110708751715561e-26,2.262333637611317e-26,0.006441931443162079,206139588.99355814
463,-3.402191519105644e-231,1.5747963055560032e-26,2.624660509260005e-26,1.9088440067345488e-26,0.006102882419837759,206139588.9938972
464,1.0376684133272221e-231,1.3287343828128776e-26,2.214557304688129e-26,1.6105871306822756e-26,0.005781678081951561,206139588.9942184
465,-3.1648886606480283e-232,1.1211196354983655e-26,1.8685327258306092e-26,1.35893289151317e-26,0.005477379235533058,206139588.99452272
466,9.652910414976493e-233,9.459446924517459e-27,1.5765744874195765e-26,1.1465996272142373e-26,0.005189096117873423,206139588.994811
467,-2.944137676567832e-233,7.981408342561606e-27,1.3302347237602677e-26,9.674434354620128e-27,0.004915985795880084,206139588.9950841
468,8.979619913531891e-234,6.734313289036355e-27,1.1223855481727259e-26,8.162803986710733e-27,0.00465724970136008,206139588.99534285
469,-2.7387840736272284e-234,5.682076837624424e-27,9.470128062707374e-27,6.887365863787182e-27,0.0044121312960253385,206139588.99558797
470,8.353291424563052e-235,4.794252331745608e-27,7.990420552909347e-27,5.8112149475704344e-27,0.004179913859392426,206139588.9958202
471,-2.5477538844917324e-235,4.045150404910357e-27,6.741917341517262e-27,4.903212612012554e-27,0.003959918393108614,206139588.9960402
472,7.770649347699789e-236,3.4130956541431136e-27,5.6884927569051895e-27,4.137085641385593e-27,0.003751501635576582,206139588.9962486
473,-2.370048051048438e-236,2.879799458183252e-27,4.799665763638754e-27,3.490666009919094e-27,0.003554054181072551,206139588.99644604
474,7.228646555697739e-237,2.429830792842119e-27,4.049717988070198e-27,2.9452494458692353e-27,0.0033669986978582065,206139588.9966331
475,-2.2047371994878116e-237,2.050169731460538e-27,3.4169495524342296e-27,2.4850542199521674e-27,0.0031897882400761957,206139588.99681032
476,6.724448458437832e-238,1.729830710919829e-27,2.8830511848663813e-27,2.096764498084641e-27,0.003021904648493238,206139588.9969782
477,-2.05095677982354e-238,1.4595446623386058e-27,2.432574437231009e-27,1.7691450452589158e-27,0.0028628570354146464,206139588.99713725
478,6.255418178461799e-239,1.2314908088481987e-27,2.052484681413664e-27,1.4927161319372102e-27,0.002712180349340191,206139588.99728793
479,-1.9079025444308491e-239,1.0390703699656676e-27,1.7317839499427793e-27,1.2594792363220211e-27,0.0025694340151643917,206139588.99743068
480,5.819102760514091e-240,8.767156246585321e-28,1.46119270776422e-27,1.0626856056467054e-27,0.002434200645945213,206139588.99756593
481,-1.7748263419567987e-240,7.397288083056365e-28,1.2328813471760606e-27,8.966409797644077e-28,0.0023060848224744127,206139588.99769405
482,5.413220342968238e-241,6.241461820078808e-28,1.040243636679801e-27,7.56540826676219e-28,0.002184711937081023,206139588.99781543
483,-1.651032204605314e-241,5.266233410691494e-28,8.777055684485823e-28,6.383313225080597e-28,0.002069727098287285,206139588.9979304
484,5.03564822404621e-242,4.443384440270948e-28,7.405640733784913e-28,5.385920533661754e-28,0.00196079409311427,206139588.99803934
485,-1.5358727083340947e-242,3.7491056214786123e-28,6.248509369131021e-28,4.544370450277105e-28,0.0018575944040029925,206139588.99814254
486,4.68441176041899e-243,3.163307868122579e-28,5.272179780204298e-28,3.834312567421308e-28,0.0017598262774765191,206139588.99824032
487,-1.4287455869277926e-243,2.6690410137284263e-28,4.448401689547377e-28,3.2352012287617285e-28,0.0016672038418198603,206139588.99833295
488,4.357674040129769e-244,2.2520033553333595e-28,3.7533389255555993e-28,2.7297010367677085e-28,0.0015794562711977623,206139588.9984207
489,-1.3290905822395804e-244,1.900127831062522e-28,3.1668797184375372e-28,2.303185249772754e-28,0.001496326993766301,206139588.9985038
490,4.053726275830721e-245,1.603232857459003e-28,2.672054762431672e-28,1.9433125544957614e-28,0.0014175729414628115,206139588.99858257
491,-1.2363865141283705e-245,1.3527277234810336e-28,2.254546205801723e-28,1.6396699678557985e-28,0.0013429638392805582,206139588.99865717
492,3.770978868091531e-246,1.1413640166871221e-28,1.9022733611452039e-28,1.38347153537833e-28,0.0012722815319500026,206139588.99872786
493,-1.1501485547679178e-246,9.630258890797593e-29,1.6050431484662657e-28,1.167304107975466e-28,0.0012053193460578972,206139588.99879482
494,3.5079530920421506e-247,8.125530939110469e-29,1.3542551565184118e-28,9.849128411042994e-29,0.0011418814857390605,206139588.99885827
495,-1.0699256930728565e-247,6.855916729874458e-29,1.14265278831241e-28,8.310202096817527e-29,0.0010817824601738468,206139588.99891838
496,3.2632733638722145e-248,5.784679740831574e-29,9.641132901385959e-29,7.011733019189788e-29,0.0010248465412173286,206139588.9989753
497,-9.95298375981026e-249,4.8808235313266407e-29,8.134705885544403e-29,5.916149734941385e-29,0.0009709072495743113,206139588.99902925
498,3.035660046742131e-249,4.118194854556853e-29,6.863658090928089e-29,4.991751338856793e-29,0.0009198068680177687,206139588.99908036
499,-9.258763142563505e-250,3.474726908532345e-29,5.791211514220575e-29,4.2117901921604186e-29,0.0008713959802273599,206139588.99912876
500,2.8239227584818694e-250,2.931800829074166e-29,4.88633471512361e-29,3.553697974635353e-29,0.0008255330338996041,206139588.99917462
